Workbook
Name Slicer_Employee_Names: #N/A
Name Slicer_Product: #N/A
Name Slicer_Region: #N/A
Name Slicer_Status: #N/A

Sheet Data_Cleaning
A1: Date | B1: Employee ID | C1: Employee Names | D1: Department | E1: Region | F1: Product | G1: Customer | H1: Sales | I1: Target | J1: Orders | K1: Status | L1: Achievement % | M1: Performance | N1: Status Check | O1: Sales Check | P1: Target Check | Q1: Data Check
A2: 13/09/2026 | B2: E003 | C2: Amit Verma | D2: Sales | E2: North | F2: Mouse | G2: Alpha Ltd | H2: 17000 | I2: 20000 | J2: 13 | K2: Pending | L2: =Sales_Data[[#This Row],[Sales]]/Sales_Data[[#This Row],[Target]] -> 0.85 | M2: =IF(Sales_Data[[#This Row],[Sales]]>=Sales_Data[[#This Row],[Target]],"Achieve","Not Achieve ") -> Not Achieve | N2: =IF(OR(Sales_Data[[#This Row],[Status]]="Completed",Sales_Data[[#This Row],[Status]]="Pending"),"Valid","Check") -> Valid | O2: =IF(H2<0,"Check","Valid") -> Valid | P2: =IF(I2<0,"Check","Valid") -> Valid | Q2: =IF(COUNTA(B2:M2)=13,"Complete","Missing Data") -> Missing Data
A3: 14/09/2026 | B3: E004 | C3: Sneha Joshi | D3: Sales | E3: South | F3: Monitor | G3: Zenith Pvt Ltd | H3: 58000 | I3: 55000 | J3: 7 | K3: Completed | L3: =Sales_Data[[#This Row],[Sales]]/Sales_Data[[#This Row],[Target]] -> 1.0545455 | M3: =IF(Sales_Data[[#This Row],[Sales]]>=Sales_Data[[#This Row],[Target]],"Achieve","Not Achieve ") -> Achieve | N3: =IF(OR(Sales_Data[[#This Row],[Status]]="Completed",Sales_Data[[#This Row],[Status]]="Pending"),"Valid","Check") -> Valid | O3: =IF(H3<0,"Check","Valid") -> Valid | P3: =IF(I3<0,"Check","Valid") -> Valid | Q3: =IF(COUNTA(B3:M3)=13,"Complete","Missing Data") -> Missing Data
A4: 15/09/2026 | B4: E005 | C4: Rohit Singh | D4: Sales | E4: East | F4: Printer | G4: Nova Tech | H4: 62000 | I4: 60000 | J4: 6 | K4: Completed | L4: =Sales_Data[[#This Row],[Sales]]/Sales_Data[[#This Row],[Target]] -> 1.0333333 | M4: =IF(Sales_Data[[#This Row],[Sales]]>=Sales_Data[[#This Row],[Target]],"Achieve","Not Achieve ") -> Achieve | N4: =IF(OR(Sales_Data[[#This Row],[Status]]="Completed",Sales_Data[[#This Row],[Status]]="Pending"),"Valid","Check") -> Valid | O4: =IF(H4<0,"Check","Valid") -> Valid | P4: =IF(I4<0,"Check","Valid") -> Valid | Q4: =IF(COUNTA(B4:M4)=13,"Complete","Missing Data") -> Missing Data | S4: =ISNUMBER(#REF!) -> FALSE
A5: 16/09/2026 | B5: E001 | C5: Rahul Sharma | D5: Sales | E5: West | F5: Laptop | G5: Prime Solutions | H5: 130000 | I5: 120000 | J5: 6 | K5: Completed | L5: =Sales_Data[[#This Row],[Sales]]/Sales_Data[[#This Row],[Target]] -> 1.0833333 | M5: =IF(Sales_Data[[#This Row],[Sales]]>=Sales_Data[[#This Row],[Target]],"Achieve","Not Achieve ") -> Achieve | N5: =IF(OR(Sales_Data[[#This Row],[Status]]="Completed",Sales_Data[[#This Row],[Status]]="Pending"),"Valid","Check") -> Valid | O5: =IF(H5<0,"Check","Valid") -> Valid | P5: =IF(I5<0,"Check","Valid") -> Valid | Q5: =IF(COUNTA(B5:M5)=13,"Complete","Missing Data") -> Missing Data
A6: 17/09/2026 | B6: E002 | C6: Priya Patil | D6: Sales | E6: West | F6: Keyboard | G6: Future Tech | H6: 24000 | I6: 25000 | J6: 12 | K6: Pending | L6: =Sales_Data[[#This Row],[Sales]]/Sales_Data[[#This Row],[Target]] -> 0.96 | M6: =IF(Sales_Data[[#This Row],[Sales]]>=Sales_Data[[#This Row],[Target]],"Achieve","Not Achieve ") -> Not Achieve | N6: =IF(OR(Sales_Data[[#This Row],[Status]]="Completed",Sales_Data[[#This Row],[Status]]="Pending"),"Valid","Check") -> Valid | O6: =IF(H6<0,"Check","Valid") -> Valid | P6: =IF(I6<0,"Check","Valid") -> Valid | Q6: =IF(COUNTA(B6:M6)=13,"Complete","Missing Data") -> Missing Data
A7: 18/09/2026 | B7: E003 | C7: Amit Verma | D7: Sales | E7: North | F7: Laptop | G7: Smart Systems | H7: 98000 | I7: 100000 | J7: 5 | K7: Pending | L7: =Sales_Data[[#This Row],[Sales]]/Sales_Data[[#This Row],[Target]] -> 0.98 | M7: =IF(Sales_Data[[#This Row],[Sales]]>=Sales_Data[[#This Row],[Target]],"Achieve","Not Achieve ") -> Not Achieve | N7: =IF(OR(Sales_Data[[#This Row],[Status]]="Completed",Sales_Data[[#This Row],[Status]]="Pending"),"Valid","Check") -> Valid | O7: =IF(H7<0,"Check","Valid") -> Valid | P7: =IF(I7<0,"Check","Valid") -> Valid | Q7: =IF(COUNTA(B7:M7)=13,"Complete","Missing Data") -> Missing Data
A8: 19/09/2026 | B8: E004 | C8: Sneha Joshi | D8: Sales | E8: South | F8: Printer | G8: Galaxy Ltd | H8: 75000 | I8: 70000 | J8: 8 | K8: Completed | L8: =Sales_Data[[#This Row],[Sales]]/Sales_Data[[#This Row],[Target]] -> 1.0714286 | M8: =IF(Sales_Data[[#This Row],[Sales]]>=Sales_Data[[#This Row],[Target]],"Achieve","Not Achieve ") -> Achieve | N8: =IF(OR(Sales_Data[[#This Row],[Status]]="Completed",Sales_Data[[#This Row],[Status]]="Pending"),"Valid","Check") -> Valid | O8: =IF(H8<0,"Check","Valid") -> Valid | P8: =IF(I8<0,"Check","Valid") -> Valid | Q8: =IF(COUNTA(B8:M8)=13,"Complete","Missing Data") -> Missing Data
A9: 20/09/2026 | B9: E005 | C9: Rohit Singh | D9: Sales | E9: East | F9: Monitor | G9: Vision Corp | H9: 48000 | I9: 50000 | J9: 7 | K9: Pending | L9: =Sales_Data[[#This Row],[Sales]]/Sales_Data[[#This Row],[Target]] -> 0.96 | M9: =IF(Sales_Data[[#This Row],[Sales]]>=Sales_Data[[#This Row],[Target]],"Achieve","Not Achieve ") -> Not Achieve | N9: =IF(OR(Sales_Data[[#This Row],[Status]]="Completed",Sales_Data[[#This Row],[Status]]="Pending"),"Valid","Check") -> Valid | O9: =IF(H9<0,"Check","Valid") -> Valid | P9: =IF(I9<0,"Check","Valid") -> Valid | Q9: =IF(COUNTA(B9:M9)=13,"Complete","Missing Data") -> Missing Data
A10: 21/09/2026 | B10: E001 | C10: Rahul Sharma | D10: Sales | E10: West | F10: Monitor | G10: Digital India | H10: 68000 | I10: 60000 | J10: 8 | K10: Completed | L10: =Sales_Data[[#This Row],[Sales]]/Sales_Data[[#This Row],[Target]] -> 1.1333333 | M10: =IF(Sales_Data[[#This Row],[Sales]]>=Sales_Data[[#This Row],[Target]],"Achieve","Not Achieve ") -> Achieve | N10: =IF(OR(Sales_Data[[#This Row],[Status]]="Completed",Sales_Data[[#This Row],[Status]]="Pending"),"Valid","Check") -> Valid | O10: =IF(H10<0,"Check","Valid") -> Valid | P10: =IF(I10<0,"Check","Valid") -> Valid | Q10: =IF(COUNTA(B10:M10)=13,"Complete","Missing Data") -> Missing Data
A11: 22/09/2026 | B11: E002 | C11: Priya Patil | D11: Sales | E11: West | F11: Mouse | G11: Web Solutions | H11: 19000 | I11: 20000 | J11: 14 | K11: Pending | L11: =Sales_Data[[#This Row],[Sales]]/Sales_Data[[#This Row],[Target]] -> 0.95 | M11: =IF(Sales_Data[[#This Row],[Sales]]>=Sales_Data[[#This Row],[Target]],"Achieve","Not Achieve ") -> Not Achieve | N11: =IF(OR(Sales_Data[[#This Row],[Status]]="Completed",Sales_Data[[#This Row],[Status]]="Pending"),"Valid","Check") -> Valid | O11: =IF(H11<0,"Check","Valid") -> Valid | P11: =IF(I11<0,"Check","Valid") -> Valid | Q11: =IF(COUNTA(B11:M11)=13,"Complete","Missing Data") -> Missing Data
A12: 23/09/2026 | B12: E003 | C12: Amit Verma | D12: Sales | E12: North | F12: Printer | G12: Core Systems | H12: 72000 | I12: 65000 | J12: 7 | K12: Completed | L12: =Sales_Data[[#This Row],[Sales]]/Sales_Data[[#This Row],[Target]] -> 1.1076923 | M12: =IF(Sales_Data[[#This Row],[Sales]]>=Sales_Data[[#This Row],[Target]],"Achieve","Not Achieve ") -> Achieve | N12: =IF(OR(Sales_Data[[#This Row],[Status]]="Completed",Sales_Data[[#This Row],[Status]]="Pending"),"Valid","Check") -> Valid | O12: =IF(H12<0,"Check","Valid") -> Valid | P12: =IF(I12<0,"Check","Valid") -> Valid | Q12: =IF(COUNTA(B12:M12)=13,"Complete","Missing Data") -> Missing Data
A13: 24/09/2026 | B13: E004 | C13: Sneha Joshi | D13: Sales | E13: South | F13: Laptop | G13: Apex Ltd | H13: 125000 | I13: 110000 | J13: 5 | K13: Completed | L13: =Sales_Data[[#This Row],[Sales]]/Sales_Data[[#This Row],[Target]] -> 1.1363636 | M13: =IF(Sales_Data[[#This Row],[Sales]]>=Sales_Data[[#This Row],[Target]],"Achieve","Not Achieve ") -> Achieve | N13: =IF(OR(Sales_Data[[#This Row],[Status]]="Completed",Sales_Data[[#This Row],[Status]]="Pending"),"Valid","Check") -> Valid | O13: =IF(H13<0,"Check","Valid") -> Valid | P13: =IF(I13<0,"Check","Valid") -> Valid | Q13: =IF(COUNTA(B13:M13)=13,"Complete","Missing Data") -> Missing Data
A14: 25/09/2026 | B14: E005 | C14: Rohit Singh | D14: Sales | E14: East | F14: Keyboard | G14: NextGen Corp | H14: 26000 | I14: 25000 | J14: 13 | K14: Completed | L14: =Sales_Data[[#This Row],[Sales]]/Sales_Data[[#This Row],[Target]] -> 1.04 | M14: =IF(Sales_Data[[#This Row],[Sales]]>=Sales_Data[[#This Row],[Target]],"Achieve","Not Achieve ") -> Achieve | N14: =IF(OR(Sales_Data[[#This Row],[Status]]="Completed",Sales_Data[[#This Row],[Status]]="Pending"),"Valid","Check") -> Valid | O14: =IF(H14<0,"Check","Valid") -> Valid | P14: =IF(I14<0,"Check","Valid") -> Valid | Q14: =IF(COUNTA(B14:M14)=13,"Complete","Missing Data") -> Missing Data
A15: 26/09/2026 | B15: E001 | C15: Rahul Sharma | D15: Sales | E15: West | F15: Printer | G15: Global Systems | H15: 78000 | I15: 70000 | J15: 9 | K15: Completed | L15: =Sales_Data[[#This Row],[Sales]]/Sales_Data[[#This Row],[Target]] -> 1.1142857 | M15: =IF(Sales_Data[[#This Row],[Sales]]>=Sales_Data[[#This Row],[Target]],"Achieve","Not Achieve ") -> Achieve | N15: =IF(OR(Sales_Data[[#This Row],[Status]]="Completed",Sales_Data[[#This Row],[Status]]="Pending"),"Valid","Check") -> Valid | O15: =IF(H15<0,"Check","Valid") -> Valid | P15: =IF(I15<0,"Check","Valid") -> Valid | Q15: =IF(COUNTA(B15:M15)=13,"Complete","Missing Data") -> Missing Data
A16: 27/09/2026 | B16: E002 | C16: Priya Patil | D16: Sales | E16: West | F16: Laptop | G16: Elite Tech | H16: 115000 | I16: 110000 | J16: 5 | K16: Completed | L16: =Sales_Data[[#This Row],[Sales]]/Sales_Data[[#This Row],[Target]] -> 1.0454545 | M16: =IF(Sales_Data[[#This Row],[Sales]]>=Sales_Data[[#This Row],[Target]],"Achieve","Not Achieve ") -> Achieve | N16: =IF(OR(Sales_Data[[#This Row],[Status]]="Completed",Sales_Data[[#This Row],[Status]]="Pending"),"Valid","Check") -> Valid | O16: =IF(H16<0,"Check","Valid") -> Valid | P16: =IF(I16<0,"Check","Valid") -> Valid | Q16: =IF(COUNTA(B16:M16)=13,"Complete","Missing Data") -> Missing Data
... A18: 29/09/2026 | B18: E004 | C18: Sneha Joshi | D18: Sales | E18: South | F18: Mouse | G18: Vertex Corp | H18: 16110 | I18: 20000 | J18: 12 | K18: Pending | L18: =Sales_Data[[#This Row],[Sales]]/Sales_Data[[#This Row],[Target]] -> 0.8055 | M18: =IF(Sales_Data[[#This Row],[Sales]]>=Sales_Data[[#This Row],[Target]],"Achieve","Not Achieve ") -> Not Achieve | N18: =IF(OR(Sales_Data[[#This Row],[Status]]="Completed",Sales_Data[[#This Row],[Status]]="Pending"),"Valid","Check") -> Valid | O18: =IF(H18<0,"Check","Valid") -> Valid | P18: =IF(I18<0,"Check","Valid") -> Valid | Q18: =IF(COUNTA(B18:M18)=13,"Complete","Missing Data") -> Missing Data

Sheet MIS_Report
A1: Total Sales | B1: Total Target | C1: Total orders | D1: Achievment % | E1: Completed Orders | F1: Pending Orders
A2: =SUM(Sales_Data[Sales]) -> 1086110 | B2: =SUM(Sales_Data[Target]) -> 1040000 | C2: =SUM(Sales_Data[Orders]) -> 145 | D2: =A2/B2 -> 1.0443365 | E2: =SUMIFS(Sales_Data[Orders],Sales_Data[Status],"Completed") -> 74 | F2: =SUMIFS(Sales_Data[Orders],Sales_Data[Status],"Pending") -> 71
A5: Employee Performance Report
A6: Employee | B6: Sales | C6: Target | D6: Achievement % | E6: Orders | F6: Completed Records
A7: Rahul Sharma | B7: =SUMIF(Sales_Data[Employee Names],MIS_Report!A7,Sales_Data[Sales]) -> 276000 | C7: =SUMIF(Sales_Data[Employee Names],MIS_Report!A7,Sales_Data[Target]) -> 250000 | D7: =B7/C7 -> 1.104 | E7: =SUMIF(Sales_Data[Employee Names],MIS_Report!A7,Sales_Data[Orders]) -> 23 | F7: =COUNTIFS(Sales_Data[Employee Names],MIS_Report!A7,Sales_Data[Status],"Completed") -> 3
A8: Priya Patil | B8: =SUMIF(Sales_Data[Employee Names],MIS_Report!A8,Sales_Data[Sales]) -> 158000 | C8: =SUMIF(Sales_Data[Employee Names],MIS_Report!A8,Sales_Data[Target]) -> 155000 | D8: =B8/C8 -> 1.0193548 | E8: =SUMIF(Sales_Data[Employee Names],MIS_Report!A8,Sales_Data[Orders]) -> 31 | F8: =COUNTIFS(Sales_Data[Employee Names],MIS_Report!A8,Sales_Data[Status],"Completed") -> 1
A9: Amit Verma | B9: =SUMIF(Sales_Data[Employee Names],MIS_Report!A9,Sales_Data[Sales]) -> 242000 | C9: =SUMIF(Sales_Data[Employee Names],MIS_Report!A9,Sales_Data[Target]) -> 245000 | D9: =B9/C9 -> 0.9877551 | E9: =SUMIF(Sales_Data[Employee Names],MIS_Report!A9,Sales_Data[Orders]) -> 33 | F9: =COUNTIFS(Sales_Data[Employee Names],MIS_Report!A9,Sales_Data[Status],"Completed") -> 1
A10: Sneha Joshi | B10: =SUMIF(Sales_Data[Employee Names],MIS_Report!A10,Sales_Data[Sales]) -> 274110 | C10: =SUMIF(Sales_Data[Employee Names],MIS_Report!A10,Sales_Data[Target]) -> 255000 | D10: =B10/C10 -> 1.0749412 | E10: =SUMIF(Sales_Data[Employee Names],MIS_Report!A10,Sales_Data[Orders]) -> 32 | F10: =COUNTIFS(Sales_Data[Employee Names],MIS_Report!A10,Sales_Data[Status],"Completed") -> 3
A11: Rohit Singh | B11: =SUMIF(Sales_Data[Employee Names],MIS_Report!A11,Sales_Data[Sales]) -> 136000 | C11: =SUMIF(Sales_Data[Employee Names],MIS_Report!A11,Sales_Data[Target]) -> 135000 | D11: =B11/C11 -> 1.0074074 | E11: =SUMIF(Sales_Data[Employee Names],MIS_Report!A11,Sales_Data[Orders]) -> 26 | F11: =COUNTIFS(Sales_Data[Employee Names],MIS_Report!A11,Sales_Data[Status],"Completed") -> 2
A13: Region-wise MIS
A14: Region | B14: Sales | C14: Target | D14: Achievement %
A15: West | B15: =SUMIF(Sales_Data[Region],MIS_Report!A15,Sales_Data[Sales]) -> 434000 | C15: =SUMIF(Sales_Data[Region],MIS_Report!A15,Sales_Data[Target]) -> 405000 | D15: =B15/C15 -> 1.0716049
A16: North | B16: =SUMIF(Sales_Data[Region],MIS_Report!A16,Sales_Data[Sales]) -> 242000 | C16: =SUMIF(Sales_Data[Region],MIS_Report!A16,Sales_Data[Target]) -> 245000 | D16: =B16/C16 -> 0.9877551
A17: South | B17: =SUMIF(Sales_Data[Region],MIS_Report!A17,Sales_Data[Sales]) -> 274110 | C17: =SUMIF(Sales_Data[Region],MIS_Report!A17,Sales_Data[Target]) -> 255000 | D17: =B17/C17 -> 1.0749412
A18: East | B18: =SUMIF(Sales_Data[Region],MIS_Report!A18,Sales_Data[Sales]) -> 136000 | C18: =SUMIF(Sales_Data[Region],MIS_Report!A18,Sales_Data[Target]) -> 135000 | D18: =B18/C18 -> 1.0074074
A20: Product Performance
A21: Product | B21: Total Sales
A22: Laptop | B22: =SUMIF(Sales_Data[Product],MIS_Report!A22,Sales_Data[Sales]) -> 468000
A23: Monitor | B23: =SUMIF(Sales_Data[Product],MIS_Report!A23,Sales_Data[Sales]) -> 229000
A24: Keyboard | B24: =SUMIF(Sales_Data[Product],MIS_Report!A24,Sales_Data[Sales]) -> 50000
A25: Mouse | B25: =SUMIF(Sales_Data[Product],MIS_Report!A25,Sales_Data[Sales]) -> 52110
A26: Printer | B26: =SUMIF(Sales_Data[Product],MIS_Report!A26,Sales_Data[Sales]) -> 287000

Sheet Pivot_Report
A5: Employees - Wise sales | B5: Sum of Sales | D5: Products - Wise sales | E5: Sum of Sales | G5: Date - Wise Sales | H5: Sum of Sales | J5: Status - Sales | K5: Sum of Sales
A6: Amit Verma | B6: 72000 | D6: Keyboard | E6: 26000 | G6: 14/09/2026 | H6: 58000 | J6: Completed | K6: 809000
A7: Priya Patil | B7: 115000 | D7: Laptop | E7: 370000 | G7: 15/09/2026 | H7: 62000 | J7: Grand Total | K7: 809000
A8: Rahul Sharma | B8: 276000 | D8: Monitor | E8: 126000 | G8: 16/09/2026 | H8: 130000
A9: Rohit Singh | B9: 88000 | D9: Printer | E9: 287000 | G9: 19/09/2026 | H9: 75000
A10: Sneha Joshi | B10: 258000 | D10: Grand Total | E10: 809000 | G10: 21/09/2026 | H10: 68000
A11: Grand Total | B11: 809000 | G11: 23/09/2026 | H11: 72000 | J11: Region - Wise Sale s | K11: Sum of Sales
G12: 24/09/2026 | H12: 125000 | J12: East | K12: 88000
G13: 25/09/2026 | H13: 26000 | J13: North | K13: 72000
G14: 26/09/2026 | H14: 78000 | J14: South | K14: 258000
G15: 27/09/2026 | H15: 115000 | J15: West | K15: 391000
G16: Grand Total | H16: 809000 | J16: Grand Total | K16: 809000

Sheet Dashboard
C1: SALES PERFORMANCE DASHBOARD
C2: MIS Executive Project | September–October 2026
C5: Total Sales | E5: Total Target | G5: Total Achievement % | I5: Total Orders
C6: 809000 | E6: 745000 | G6: 10.81977 | I6: 74
